Isolate ID	Scheme	Sequence Type	Status	Score	Locus 1	Locus 2	Locus 3	Locus 4	Locus 5	Locus 6	Locus 7
GCA_000399805.1_Pseudoaeru02_genomic	paeruginosa	111	PERFECT	100	acsA(17)	aroE(5)	guaA(5)	mutL(4)	nuoD(4)	ppsA(4)	trpE(3)
FILE	SCHEME	ST	STATUS	SCORE	ALLELES	-	-	-	-	-	-
GCA_000473745.3_ASM47374v3_genomic	paeruginosa	-	MIXED	90	acsA(32,32)	aroE(13)	guaA(24)	mutL(13)	nuoD(1)	ppsA(6)	trpE(25)
FILE	SCHEME	ST	STATUS	SCORE	ALLELES	-	-	-	-	-	-
GCA_000496325.1_MDRPA05_genomic	paeruginosa	1203	PERFECT	100	acsA(33)	aroE(1)	guaA(25)	mutL(6)	nuoD(6)	ppsA(7)	trpE(5)
FILE	SCHEME	ST	STATUS	SCORE	ALLELES	-	-	-	-	-	-
GCA_000506805.1_P_aeruginosa_VRFPA07_genomic	paeruginosa	313	PERFECT	100	acsA(47)	aroE(8)	guaA(7)	mutL(6)	nuoD(8)	ppsA(11)	trpE(40)
FILE	SCHEME	ST	STATUS	SCORE	ALLELES	-	-	-	-	-	-
GCA_000506885.1_P_aeruginosa_VRFPA08_genomic	paeruginosa	823	PERFECT	100	acsA(32)	aroE(13)	guaA(24)	mutL(13)	nuoD(1)	ppsA(6)	trpE(25)
FILE	SCHEME	ST	STATUS	SCORE	ALLELES	-	-	-	-	-	-
GCA_000558345.1_MDR_VRFPA09_genomic	paeruginosa	4180	PERFECT	100	acsA(2)	aroE(365)	guaA(5)	mutL(3)	nuoD(1)	ppsA(6)	trpE(11)
FILE	SCHEME	ST	STATUS	SCORE	ALLELES	-	-	-	-	-	-
GCA_000567865.1_MDRPA06_genomic	paeruginosa	664	PERFECT	100	acsA(9)	aroE(5)	guaA(11)	mutL(3)	nuoD(4)	ppsA(40)	trpE(18)
FILE	SCHEME	ST	STATUS	SCORE	ALLELES	-	-	-	-	-	-
GCA_000760495.2_ASM76049v2_genomic	paeruginosa	316	PERFECT	100	acsA(13)	aroE(8)	guaA(9)	mutL(3)	nuoD(1)	ppsA(6)	trpE(9)
FILE	SCHEME	ST	STATUS	SCORE	ALLELES	-	-	-	-	-	-
GCA_000760505.2_ASM76050v2_genomic	paeruginosa	-	MISSING	77	acsA(109)	aroE(-)	guaA(73)	mutL(3)	nuoD(4)	ppsA(4)	trpE(3)
FILE	SCHEME	ST	STATUS	SCORE	ALLELES	-	-	-	-	-	-
GCA_000789975.1_AZPAE14910_genomic	paeruginosa	241	PERFECT	100	acsA(17)	aroE(5)	guaA(11)	mutL(5)	nuoD(4)	ppsA(4)	trpE(7)
FILE	SCHEME	ST	STATUS	SCORE	ALLELES	-	-	-	-	-	-
GCA_000790105.1_AZPAE14862_genomic	paeruginosa	621	PERFECT	100	acsA(15)	aroE(5)	guaA(20)	mutL(5)	nuoD(1)	ppsA(4)	trpE(25)
FILE	SCHEME	ST	STATUS	SCORE	ALLELES	-	-	-	-	-	-
GCA_000790145.1_AZPAE14863_genomic	paeruginosa	357	PERFECT	100	acsA(2)	aroE(4)	guaA(5)	mutL(3)	nuoD(1)	ppsA(6)	trpE(11)
FILE	SCHEME	ST	STATUS	SCORE	ALLELES	-	-	-	-	-	-
GCA_000790155.1_AZPAE14864_genomic	paeruginosa	16	PERFECT	100	acsA(28)	aroE(5)	guaA(12)	mutL(11)	nuoD(27)	ppsA(1)	trpE(44)
FILE	SCHEME	ST	STATUS	SCORE	ALLELES	-	-	-	-	-	-
GCA_000790185.1_AZPAE14865_genomic	paeruginosa	357	PERFECT	100	acsA(2)	aroE(4)	guaA(5)	mutL(3)	nuoD(1)	ppsA(6)	trpE(11)
FILE	SCHEME	ST	STATUS	SCORE	ALLELES	-	-	-	-	-	-
GCA_000791025.1_AZPAE14897_genomic	paeruginosa	1684	PERFECT	100	acsA(39)	aroE(6)	guaA(9)	mutL(11)	nuoD(3)	ppsA(3)	trpE(2)
FILE	SCHEME	ST	STATUS	SCORE	ALLELES	-	-	-	-	-	-
GCA_000791035.1_AZPAE14898_genomic	paeruginosa	253	PERFECT	100	acsA(4)	aroE(4)	guaA(16)	mutL(12)	nuoD(1)	ppsA(6)	trpE(3)
FILE	SCHEME	ST	STATUS	SCORE	ALLELES	-	-	-	-	-	-
GCA_000791065.1_AZPAE14899_genomic	paeruginosa	3897	PERFECT	100	acsA(16)	aroE(3)	guaA(20)	mutL(5)	nuoD(4)	ppsA(7)	trpE(310)
FILE	SCHEME	ST	STATUS	SCORE	ALLELES	-	-	-	-	-	-
GCA_000791085.1_AZPAE14900_genomic	paeruginosa	-	OK	83	acsA(152?)	aroE(4)	guaA(5)	mutL(3)	nuoD(1)	ppsA(6)	trpE(11)
FILE	SCHEME	ST	STATUS	SCORE	ALLELES	-	-	-	-	-	-
GCA_000791105.1_AZPAE14901_genomic	paeruginosa	4196	PERFECT	100	acsA(87)	aroE(70)	guaA(79)	mutL(80)	nuoD(53)	ppsA(48)	trpE(288)
FILE	SCHEME	ST	STATUS	SCORE	ALLELES	-	-	-	-	-	-
GCA_000791725.1_AZPAE14958_genomic	paeruginosa	244	PERFECT	100	acsA(17)	aroE(5)	guaA(12)	mutL(3)	nuoD(14)	ppsA(4)	trpE(7)
FILE	SCHEME	ST	STATUS	SCORE	ALLELES	-	-	-	-	-	-
GCA_000791735.1_AZPAE14959_genomic	paeruginosa	773	PERFECT	100	acsA(5)	aroE(4)	guaA(5)	mutL(5)	nuoD(5)	ppsA(7)	trpE(8)
FILE	SCHEME	ST	STATUS	SCORE	ALLELES	-	-	-	-	-	-
GCA_000793985.1_AZPAE14911_genomic	paeruginosa	532	PERFECT	100	acsA(5)	aroE(4)	guaA(5)	mutL(5)	nuoD(5)	ppsA(20)	trpE(4)
FILE	SCHEME	ST	STATUS	SCORE	ALLELES	-	-	-	-	-	-
GCA_000794995.1_AZPAE14809_genomic	paeruginosa	385	PERFECT	100	acsA(15)	aroE(5)	guaA(5)	mutL(5)	nuoD(50)	ppsA(4)	trpE(14)
FILE	SCHEME	ST	STATUS	SCORE	ALLELES	-	-	-	-	-	-
GCA_000795025.1_AZPAE14810_genomic	paeruginosa	132	PERFECT	100	acsA(6)	aroE(20)	guaA(1)	mutL(3)	nuoD(4)	ppsA(4)	trpE(2)
FILE	SCHEME	ST	STATUS	SCORE	ALLELES	-	-	-	-	-	-
GCA_000795045.1_AZPAE14811_genomic	paeruginosa	233	PERFECT	100	acsA(16)	aroE(5)	guaA(30)	mutL(11)	nuoD(4)	ppsA(31)	trpE(41)
FILE	SCHEME	ST	STATUS	SCORE	ALLELES	-	-	-	-	-	-
GCA_000795065.1_AZPAE14812_genomic	paeruginosa	308	PERFECT	100	acsA(13)	aroE(4)	guaA(5)	mutL(5)	nuoD(12)	ppsA(7)	trpE(15)
FILE	SCHEME	ST	STATUS	SCORE	ALLELES	-	-	-	-	-	-
GCA_000795085.1_AZPAE14813_genomic	paeruginosa	1684	PERFECT	100	acsA(39)	aroE(6)	guaA(9)	mutL(11)	nuoD(3)	ppsA(3)	trpE(2)
FILE	SCHEME	ST	STATUS	SCORE	ALLELES	-	-	-	-	-	-
GCA_000795425.1_AZPAE13848_genomic	paeruginosa	316	PERFECT	100	acsA(13)	aroE(8)	guaA(9)	mutL(3)	nuoD(1)	ppsA(6)	trpE(9)
FILE	SCHEME	ST	STATUS	SCORE	ALLELES	-	-	-	-	-	-
GCA_000795435.1_AZPAE13850_genomic	paeruginosa	235	PERFECT	100	acsA(38)	aroE(11)	guaA(3)	mutL(13)	nuoD(1)	ppsA(2)	trpE(4)
FILE	SCHEME	ST	STATUS	SCORE	ALLELES	-	-	-	-	-	-
GCA_000795465.1_AZPAE13853_genomic	paeruginosa	823	PERFECT	100	acsA(32)	aroE(13)	guaA(24)	mutL(13)	nuoD(1)	ppsA(6)	trpE(25)
FILE	SCHEME	ST	STATUS	SCORE	ALLELES	-	-	-	-	-	-
GCA_000795485.1_AZPAE13856_genomic	paeruginosa	308	PERFECT	100	acsA(13)	aroE(4)	guaA(5)	mutL(5)	nuoD(12)	ppsA(7)	trpE(15)
FILE	SCHEME	ST	STATUS	SCORE	ALLELES	-	-	-	-	-	-
GCA_000795505.1_AZPAE13858_genomic	paeruginosa	823	PERFECT	100	acsA(32)	aroE(13)	guaA(24)	mutL(13)	nuoD(1)	ppsA(6)	trpE(25)
FILE	SCHEME	ST	STATUS	SCORE	ALLELES	-	-	-	-	-	-
GCA_000795525.1_AZPAE13860_genomic	paeruginosa	111	PERFECT	100	acsA(17)	aroE(5)	guaA(5)	mutL(4)	nuoD(4)	ppsA(4)	trpE(3)
FILE	SCHEME	ST	STATUS	SCORE	ALLELES	-	-	-	-	-	-
GCA_000795565.1_AZPAE13864_genomic	paeruginosa	244	PERFECT	100	acsA(17)	aroE(5)	guaA(12)	mutL(3)	nuoD(14)	ppsA(4)	trpE(7)
FILE	SCHEME	ST	STATUS	SCORE	ALLELES	-	-	-	-	-	-
GCA_001045515.1_ASM104551v1_genomic	paeruginosa	-	MIXED	90	acsA(47,47,47,47)	aroE(8)	guaA(7)	mutL(6)	nuoD(8)	ppsA(11)	trpE(40)
FILE	SCHEME	ST	STATUS	SCORE	ALLELES	-	-	-	-	-	-
GCA_002242775.1_ASM224277v1_genomic	paeruginosa	308	PERFECT	100	acsA(13)	aroE(4)	guaA(5)	mutL(5)	nuoD(12)	ppsA(7)	trpE(15)
FILE	SCHEME	ST	STATUS	SCORE	ALLELES	-	-	-	-	-	-
GCA_002242855.1_ASM224285v1_genomic	paeruginosa	357	PERFECT	100	acsA(2)	aroE(4)	guaA(5)	mutL(3)	nuoD(1)	ppsA(6)	trpE(11)
FILE	SCHEME	ST	STATUS	SCORE	ALLELES	-	-	-	-	-	-
GCA_002242885.1_ASM224288v1_genomic	paeruginosa	527	PERFECT	100	acsA(16)	aroE(52)	guaA(11)	mutL(85)	nuoD(59)	ppsA(15)	trpE(10)
FILE	SCHEME	ST	STATUS	SCORE	ALLELES	-	-	-	-	-	-
GCA_002242915.1_ASM224291v1_genomic	paeruginosa	2708	PERFECT	100	acsA(84)	aroE(3)	guaA(20)	mutL(71)	nuoD(4)	ppsA(7)	trpE(53)
FILE	SCHEME	ST	STATUS	SCORE	ALLELES	-	-	-	-	-	-
GCA_002243265.1_ASM224326v1_genomic	paeruginosa	2719	PERFECT	100	acsA(1)	aroE(57)	guaA(11)	mutL(3)	nuoD(3)	ppsA(13)	trpE(5)
FILE	SCHEME	ST	STATUS	SCORE	ALLELES	-	-	-	-	-	-
GCA_003332645.1_ASM333264v1_genomic	paeruginosa	1027	PERFECT	100	acsA(32)	aroE(5)	guaA(61)	mutL(13)	nuoD(1)	ppsA(6)	trpE(54)
FILE	SCHEME	ST	STATUS	SCORE	ALLELES	-	-	-	-	-	-
GCA_003332665.1_ASM333266v1_genomic	paeruginosa	308	PERFECT	100	acsA(13)	aroE(4)	guaA(5)	mutL(5)	nuoD(12)	ppsA(7)	trpE(15)
FILE	SCHEME	ST	STATUS	SCORE	ALLELES	-	-	-	-	-	-
GCA_003332705.1_ASM333270v1_genomic	paeruginosa	1284	PERFECT	100	acsA(32)	aroE(8)	guaA(5)	mutL(3)	nuoD(5)	ppsA(6)	trpE(26)
FILE	SCHEME	ST	STATUS	SCORE	ALLELES	-	-	-	-	-	-
GCA_003332715.1_ASM333271v1_genomic	paeruginosa	308	PERFECT	100	acsA(13)	aroE(4)	guaA(5)	mutL(5)	nuoD(12)	ppsA(7)	trpE(15)
FILE	SCHEME	ST	STATUS	SCORE	ALLELES	-	-	-	-	-	-
GCA_003332735.1_ASM333273v1_genomic	paeruginosa	308	PERFECT	100	acsA(13)	aroE(4)	guaA(5)	mutL(5)	nuoD(12)	ppsA(7)	trpE(15)
FILE	SCHEME	ST	STATUS	SCORE	ALLELES	-	-	-	-	-	-
GCA_003332755.1_ASM333275v1_genomic	paeruginosa	308	PERFECT	100	acsA(13)	aroE(4)	guaA(5)	mutL(5)	nuoD(12)	ppsA(7)	trpE(15)
FILE	SCHEME	ST	STATUS	SCORE	ALLELES	-	-	-	-	-	-
GCA_003332785.1_ASM333278v1_genomic	paeruginosa	308	PERFECT	100	acsA(13)	aroE(4)	guaA(5)	mutL(5)	nuoD(12)	ppsA(7)	trpE(15)
FILE	SCHEME	ST	STATUS	SCORE	ALLELES	-	-	-	-	-	-
GCA_003626935.1_ASM362693v1_genomic	paeruginosa	-	OK	86	acsA(2)	aroE(4)	guaA(5)	mutL(3)	nuoD(1)	ppsA(234)	trpE(~422)
FILE	SCHEME	ST	STATUS	SCORE	ALLELES	-	-	-	-	-	-
GCA_003713085.1_ASM371308v1_genomic	paeruginosa	357	PERFECT	100	acsA(2)	aroE(4)	guaA(5)	mutL(3)	nuoD(1)	ppsA(6)	trpE(11)
FILE	SCHEME	ST	STATUS	SCORE	ALLELES	-	-	-	-	-	-
GCA_003716765.1_ASM371676v1_genomic	paeruginosa	357	PERFECT	100	acsA(2)	aroE(4)	guaA(5)	mutL(3)	nuoD(1)	ppsA(6)	trpE(11)
FILE	SCHEME	ST	STATUS	SCORE	ALLELES	-	-	-	-	-	-
GCA_003866475.1_ASM386647v1_genomic	paeruginosa	357	PERFECT	100	acsA(2)	aroE(4)	guaA(5)	mutL(3)	nuoD(1)	ppsA(6)	trpE(11)
FILE	SCHEME	ST	STATUS	SCORE	ALLELES	-	-	-	-	-	-
GCA_003950235.1_ASM395023v1_genomic	paeruginosa	357	PERFECT	100	acsA(2)	aroE(4)	guaA(5)	mutL(3)	nuoD(1)	ppsA(6)	trpE(11)
FILE	SCHEME	ST	STATUS	SCORE	ALLELES	-	-	-	-	-	-
GCA_003950255.1_ASM395025v1_genomic	paeruginosa	357	PERFECT	100	acsA(2)	aroE(4)	guaA(5)	mutL(3)	nuoD(1)	ppsA(6)	trpE(11)
FILE	SCHEME	ST	STATUS	SCORE	ALLELES	-	-	-	-	-	-
GCA_003952285.1_ASM395228v1_genomic	paeruginosa	357	PERFECT	100	acsA(2)	aroE(4)	guaA(5)	mutL(3)	nuoD(1)	ppsA(6)	trpE(11)
FILE	SCHEME	ST	STATUS	SCORE	ALLELES	-	-	-	-	-	-
GCA_003952305.1_ASM395230v1_genomic	paeruginosa	357	PERFECT	100	acsA(2)	aroE(4)	guaA(5)	mutL(3)	nuoD(1)	ppsA(6)	trpE(11)
FILE	SCHEME	ST	STATUS	SCORE	ALLELES	-	-	-	-	-	-
GCA_003952325.1_ASM395232v1_genomic	paeruginosa	357	PERFECT	100	acsA(2)	aroE(4)	guaA(5)	mutL(3)	nuoD(1)	ppsA(6)	trpE(11)
FILE	SCHEME	ST	STATUS	SCORE	ALLELES	-	-	-	-	-	-
GCA_003991465.1_ASM399146v1_genomic	paeruginosa	357	PERFECT	100	acsA(2)	aroE(4)	guaA(5)	mutL(3)	nuoD(1)	ppsA(6)	trpE(11)
FILE	SCHEME	ST	STATUS	SCORE	ALLELES	-	-	-	-	-	-
GCA_004354095.2_ASM435409v2_genomic	paeruginosa	235	PERFECT	100	acsA(38)	aroE(11)	guaA(3)	mutL(13)	nuoD(1)	ppsA(2)	trpE(4)
FILE	SCHEME	ST	STATUS	SCORE	ALLELES	-	-	-	-	-	-
GCA_009727125.1_ASM972712v1_genomic	paeruginosa	308	PERFECT	100	acsA(13)	aroE(4)	guaA(5)	mutL(5)	nuoD(12)	ppsA(7)	trpE(15)
FILE	SCHEME	ST	STATUS	SCORE	ALLELES	-	-	-	-	-	-
GCA_009727135.1_ASM972713v1_genomic	paeruginosa	316	PERFECT	100	acsA(13)	aroE(8)	guaA(9)	mutL(3)	nuoD(1)	ppsA(6)	trpE(9)
FILE	SCHEME	ST	STATUS	SCORE	ALLELES	-	-	-	-	-	-
GCA_009727165.1_ASM972716v1_genomic	paeruginosa	316	PERFECT	100	acsA(13)	aroE(8)	guaA(9)	mutL(3)	nuoD(1)	ppsA(6)	trpE(9)
FILE	SCHEME	ST	STATUS	SCORE	ALLELES	-	-	-	-	-	-
GCA_009727225.1_ASM972722v1_genomic	paeruginosa	1047	PERFECT	100	acsA(18)	aroE(8)	guaA(5)	mutL(5)	nuoD(1)	ppsA(6)	trpE(4)
FILE	SCHEME	ST	STATUS	SCORE	ALLELES	-	-	-	-	-	-
GCA_009727235.1_ASM972723v1_genomic	paeruginosa	3083	PERFECT	100	acsA(15)	aroE(271)	guaA(7)	mutL(3)	nuoD(2)	ppsA(4)	trpE(220)
FILE	SCHEME	ST	STATUS	SCORE	ALLELES	-	-	-	-	-	-
GCA_009727245.1_ASM972724v1_genomic	paeruginosa	4735	PERFECT	100	acsA(111)	aroE(30)	guaA(64)	mutL(26)	nuoD(48)	ppsA(59)	trpE(55)
FILE	SCHEME	ST	STATUS	SCORE	ALLELES	-	-	-	-	-	-
GCA_009727285.1_ASM972728v1_genomic	paeruginosa	316	PERFECT	100	acsA(13)	aroE(8)	guaA(9)	mutL(3)	nuoD(1)	ppsA(6)	trpE(9)
FILE	SCHEME	ST	STATUS	SCORE	ALLELES	-	-	-	-	-	-
GCA_009727325.1_ASM972732v1_genomic	paeruginosa	308	PERFECT	100	acsA(13)	aroE(4)	guaA(5)	mutL(5)	nuoD(12)	ppsA(7)	trpE(15)
FILE	SCHEME	ST	STATUS	SCORE	ALLELES	-	-	-	-	-	-
GCA_009727335.1_ASM972733v1_genomic	paeruginosa	760	PERFECT	100	acsA(15)	aroE(121)	guaA(36)	mutL(5)	nuoD(4)	ppsA(15)	trpE(8)
FILE	SCHEME	ST	STATUS	SCORE	ALLELES	-	-	-	-	-	-
GCA_009727345.1_ASM972734v1_genomic	paeruginosa	491	PERFECT	100	acsA(16)	aroE(55)	guaA(7)	mutL(61)	nuoD(1)	ppsA(4)	trpE(45)
FILE	SCHEME	ST	STATUS	SCORE	ALLELES	-	-	-	-	-	-
GCA_009727395.1_ASM972739v1_genomic	paeruginosa	491	PERFECT	100	acsA(16)	aroE(55)	guaA(7)	mutL(61)	nuoD(1)	ppsA(4)	trpE(45)
FILE	SCHEME	ST	STATUS	SCORE	ALLELES	-	-	-	-	-	-
GCA_009939155.1_ASM993915v1_genomic	paeruginosa	1203	PERFECT	100	acsA(33)	aroE(1)	guaA(25)	mutL(6)	nuoD(6)	ppsA(7)	trpE(5)
FILE	SCHEME	ST	STATUS	SCORE	ALLELES	-	-	-	-	-	-
GCA_010694505.1_ASM1069450v1_genomic	paeruginosa	-	NOVEL	90	acsA(16)	aroE(22)	guaA(19)	mutL(11)	nuoD(3)	ppsA(232)	trpE(338)
FILE	SCHEME	ST	STATUS	SCORE	ALLELES	-	-	-	-	-	-
GCA_011947185.1_ASM1194718v1_genomic	paeruginosa	316	PERFECT	100	acsA(13)	aroE(8)	guaA(9)	mutL(3)	nuoD(1)	ppsA(6)	trpE(9)
FILE	SCHEME	ST	STATUS	SCORE	ALLELES	-	-	-	-	-	-
GCA_014712765.1_ASM1471276v1_genomic	paeruginosa	3904	PERFECT	100	acsA(13)	aroE(8)	guaA(5)	mutL(3)	nuoD(1)	ppsA(6)	trpE(4)
FILE	SCHEME	ST	STATUS	SCORE	ALLELES	-	-	-	-	-	-
GCA_016456225.1_SPA02_genomic	paeruginosa	654	PERFECT	100	acsA(17)	aroE(5)	guaA(26)	mutL(3)	nuoD(4)	ppsA(4)	trpE(26)
FILE	SCHEME	ST	STATUS	SCORE	ALLELES	-	-	-	-	-	-
GCA_016595165.1_ASM1659516v1_genomic	paeruginosa	357	PERFECT	100	acsA(2)	aroE(4)	guaA(5)	mutL(3)	nuoD(1)	ppsA(6)	trpE(11)
FILE	SCHEME	ST	STATUS	SCORE	ALLELES	-	-	-	-	-	-
GCA_016762735.1_ASM1676273v1_genomic	paeruginosa	3472	PERFECT	100	acsA(89)	aroE(269)	guaA(64)	mutL(90)	nuoD(48)	ppsA(59)	trpE(32)
FILE	SCHEME	ST	STATUS	SCORE	ALLELES	-	-	-	-	-	-
GCA_016836465.1_255_genomic	paeruginosa	654	PERFECT	100	acsA(17)	aroE(5)	guaA(26)	mutL(3)	nuoD(4)	ppsA(4)	trpE(26)
FILE	SCHEME	ST	STATUS	SCORE	ALLELES	-	-	-	-	-	-
GCA_016836485.1_251_genomic	paeruginosa	654	PERFECT	100	acsA(17)	aroE(5)	guaA(26)	mutL(3)	nuoD(4)	ppsA(4)	trpE(26)
FILE	SCHEME	ST	STATUS	SCORE	ALLELES	-	-	-	-	-	-
GCA_016836505.1_239_genomic	paeruginosa	654	PERFECT	100	acsA(17)	aroE(5)	guaA(26)	mutL(3)	nuoD(4)	ppsA(4)	trpE(26)
FILE	SCHEME	ST	STATUS	SCORE	ALLELES	-	-	-	-	-	-
GCA_016836525.1_241_genomic	paeruginosa	639	PERFECT	100	acsA(11)	aroE(19)	guaA(19)	mutL(3)	nuoD(4)	ppsA(4)	trpE(7)
FILE	SCHEME	ST	STATUS	SCORE	ALLELES	-	-	-	-	-	-
GCA_016836545.1_237_genomic	paeruginosa	1203	PERFECT	100	acsA(33)	aroE(1)	guaA(25)	mutL(6)	nuoD(6)	ppsA(7)	trpE(5)
FILE	SCHEME	ST	STATUS	SCORE	ALLELES	-	-	-	-	-	-
GCA_016836565.1_236_genomic	paeruginosa	1203	PERFECT	100	acsA(33)	aroE(1)	guaA(25)	mutL(6)	nuoD(6)	ppsA(7)	trpE(5)
FILE	SCHEME	ST	STATUS	SCORE	ALLELES	-	-	-	-	-	-
GCA_016836585.1_227_genomic	paeruginosa	235	PERFECT	100	acsA(38)	aroE(11)	guaA(3)	mutL(13)	nuoD(1)	ppsA(2)	trpE(4)
FILE	SCHEME	ST	STATUS	SCORE	ALLELES	-	-	-	-	-	-
GCA_016836605.1_217_genomic	paeruginosa	654	PERFECT	100	acsA(17)	aroE(5)	guaA(26)	mutL(3)	nuoD(4)	ppsA(4)	trpE(26)
FILE	SCHEME	ST	STATUS	SCORE	ALLELES	-	-	-	-	-	-
GCA_016836615.1_225_genomic	paeruginosa	654	PERFECT	100	acsA(17)	aroE(5)	guaA(26)	mutL(3)	nuoD(4)	ppsA(4)	trpE(26)
FILE	SCHEME	ST	STATUS	SCORE	ALLELES	-	-	-	-	-	-
GCA_016836645.1_208_genomic	paeruginosa	654	PERFECT	100	acsA(17)	aroE(5)	guaA(26)	mutL(3)	nuoD(4)	ppsA(4)	trpE(26)
FILE	SCHEME	ST	STATUS	SCORE	ALLELES	-	-	-	-	-	-
GCA_016836665.1_200_genomic	paeruginosa	654	PERFECT	100	acsA(17)	aroE(5)	guaA(26)	mutL(3)	nuoD(4)	ppsA(4)	trpE(26)
FILE	SCHEME	ST	STATUS	SCORE	ALLELES	-	-	-	-	-	-
GCA_016836685.1_199_genomic	paeruginosa	654	PERFECT	100	acsA(17)	aroE(5)	guaA(26)	mutL(3)	nuoD(4)	ppsA(4)	trpE(26)
FILE	SCHEME	ST	STATUS	SCORE	ALLELES	-	-	-	-	-	-
GCA_016925455.1_ASM1692545v1_genomic	paeruginosa	357	PERFECT	100	acsA(2)	aroE(4)	guaA(5)	mutL(3)	nuoD(1)	ppsA(6)	trpE(11)
FILE	SCHEME	ST	STATUS	SCORE	ALLELES	-	-	-	-	-	-
GCA_016925475.1_ASM1692547v1_genomic	paeruginosa	357	PERFECT	100	acsA(2)	aroE(4)	guaA(5)	mutL(3)	nuoD(1)	ppsA(6)	trpE(11)
FILE	SCHEME	ST	STATUS	SCORE	ALLELES	-	-	-	-	-	-
GCA_018132785.1_ASM1813278v1_genomic	paeruginosa	664	PERFECT	100	acsA(9)	aroE(5)	guaA(11)	mutL(3)	nuoD(4)	ppsA(40)	trpE(18)
FILE	SCHEME	ST	STATUS	SCORE	ALLELES	-	-	-	-	-	-
GCA_018448985.1_ASM1844898v1_genomic	paeruginosa	773	PERFECT	100	acsA(5)	aroE(4)	guaA(5)	mutL(5)	nuoD(5)	ppsA(7)	trpE(8)
FILE	SCHEME	ST	STATUS	SCORE	ALLELES	-	-	-	-	-	-
GCA_020072085.1_ASM2007208v1_genomic	paeruginosa	274	PERFECT	100	acsA(23)	aroE(5)	guaA(11)	mutL(7)	nuoD(1)	ppsA(12)	trpE(7)
FILE	SCHEME	ST	STATUS	SCORE	ALLELES	-	-	-	-	-	-
GCA_020072145.1_ASM2007214v1_genomic	paeruginosa	274	PERFECT	100	acsA(23)	aroE(5)	guaA(11)	mutL(7)	nuoD(1)	ppsA(12)	trpE(7)
FILE	SCHEME	ST	STATUS	SCORE	ALLELES	-	-	-	-	-	-
GCA_020072185.1_ASM2007218v1_genomic	paeruginosa	244	PERFECT	100	acsA(17)	aroE(5)	guaA(12)	mutL(3)	nuoD(14)	ppsA(4)	trpE(7)
FILE	SCHEME	ST	STATUS	SCORE	ALLELES	-	-	-	-	-	-
GCA_020072205.1_ASM2007220v1_genomic	paeruginosa	244	PERFECT	100	acsA(17)	aroE(5)	guaA(12)	mutL(3)	nuoD(14)	ppsA(4)	trpE(7)
FILE	SCHEME	ST	STATUS	SCORE	ALLELES	-	-	-	-	-	-
GCA_020072275.1_ASM2007227v1_genomic	paeruginosa	244	PERFECT	100	acsA(17)	aroE(5)	guaA(12)	mutL(3)	nuoD(14)	ppsA(4)	trpE(7)
FILE	SCHEME	ST	STATUS	SCORE	ALLELES	-	-	-	-	-	-
GCA_021441525.1_ASM2144152v1_genomic	paeruginosa	3491	PERFECT	100	acsA(140)	aroE(30)	guaA(64)	mutL(26)	nuoD(30)	ppsA(59)	trpE(55)
FILE	SCHEME	ST	STATUS	SCORE	ALLELES	-	-	-	-	-	-
GCA_021441545.1_ASM2144154v1_genomic	paeruginosa	3492	PERFECT	100	acsA(25)	aroE(3)	guaA(11)	mutL(11)	nuoD(4)	ppsA(43)	trpE(7)
FILE	SCHEME	ST	STATUS	SCORE	ALLELES	-	-	-	-	-	-
GCA_021441565.1_ASM2144156v1_genomic	paeruginosa	3489	PERFECT	100	acsA(28)	aroE(323)	guaA(5)	mutL(2)	nuoD(27)	ppsA(4)	trpE(291)
FILE	SCHEME	ST	STATUS	SCORE	ALLELES	-	-	-	-	-	-
GCA_021441585.1_ASM2144158v1_genomic	paeruginosa	3083	PERFECT	100	acsA(15)	aroE(271)	guaA(7)	mutL(3)	nuoD(2)	ppsA(4)	trpE(220)
FILE	SCHEME	ST	STATUS	SCORE	ALLELES	-	-	-	-	-	-
GCA_021441605.1_ASM2144160v1_genomic	paeruginosa	3494	PERFECT	100	acsA(32)	aroE(4)	guaA(5)	mutL(246)	nuoD(2)	ppsA(6)	trpE(3)
FILE	SCHEME	ST	STATUS	SCORE	ALLELES	-	-	-	-	-	-
GCA_021730475.1_ASM2173047v1_genomic	paeruginosa	3656	PERFECT	100	acsA(262)	aroE(8)	guaA(24)	mutL(2)	nuoD(1)	ppsA(6)	trpE(26)
FILE	SCHEME	ST	STATUS	SCORE	ALLELES	-	-	-	-	-	-
GCA_023721735.1_ASM2372173v1_genomic	paeruginosa	244	PERFECT	100	acsA(17)	aroE(5)	guaA(12)	mutL(3)	nuoD(14)	ppsA(4)	trpE(7)
FILE	SCHEME	ST	STATUS	SCORE	ALLELES	-	-	-	-	-	-
GCA_026239815.1_ASM2623981v1_genomic	paeruginosa	908	PERFECT	100	acsA(39)	aroE(6)	guaA(4)	mutL(14)	nuoD(4)	ppsA(6)	trpE(2)
FILE	SCHEME	ST	STATUS	SCORE	ALLELES	-	-	-	-	-	-
GCA_026239835.1_ASM2623983v1_genomic	paeruginosa	1203	PERFECT	100	acsA(33)	aroE(1)	guaA(25)	mutL(6)	nuoD(6)	ppsA(7)	trpE(5)
FILE	SCHEME	ST	STATUS	SCORE	ALLELES	-	-	-	-	-	-
GCA_026239855.1_ASM2623985v1_genomic	paeruginosa	357	PERFECT	100	acsA(2)	aroE(4)	guaA(5)	mutL(3)	nuoD(1)	ppsA(6)	trpE(11)
FILE	SCHEME	ST	STATUS	SCORE	ALLELES	-	-	-	-	-	-
GCA_026239875.1_ASM2623987v1_genomic	paeruginosa	244	PERFECT	100	acsA(17)	aroE(5)	guaA(12)	mutL(3)	nuoD(14)	ppsA(4)	trpE(7)
FILE	SCHEME	ST	STATUS	SCORE	ALLELES	-	-	-	-	-	-
GCA_026239885.1_ASM2623988v1_genomic	paeruginosa	308	PERFECT	100	acsA(13)	aroE(4)	guaA(5)	mutL(5)	nuoD(12)	ppsA(7)	trpE(15)
FILE	SCHEME	ST	STATUS	SCORE	ALLELES	-	-	-	-	-	-
GCA_026239915.1_ASM2623991v1_genomic	paeruginosa	357	PERFECT	100	acsA(2)	aroE(4)	guaA(5)	mutL(3)	nuoD(1)	ppsA(6)	trpE(11)
FILE	SCHEME	ST	STATUS	SCORE	ALLELES	-	-	-	-	-	-
GCA_026239935.1_ASM2623993v1_genomic	paeruginosa	357	PERFECT	100	acsA(2)	aroE(4)	guaA(5)	mutL(3)	nuoD(1)	ppsA(6)	trpE(11)
FILE	SCHEME	ST	STATUS	SCORE	ALLELES	-	-	-	-	-	-
GCA_026239955.1_ASM2623995v1_genomic	paeruginosa	357	PERFECT	100	acsA(2)	aroE(4)	guaA(5)	mutL(3)	nuoD(1)	ppsA(6)	trpE(11)
FILE	SCHEME	ST	STATUS	SCORE	ALLELES	-	-	-	-	-	-
GCA_026636135.1_ASM2663613v1_genomic	paeruginosa	2012	PERFECT	100	acsA(15)	aroE(5)	guaA(11)	mutL(72)	nuoD(4)	ppsA(15)	trpE(3)
FILE	SCHEME	ST	STATUS	SCORE	ALLELES	-	-	-	-	-	-
GCA_027855845.1_ASM2785584v1_genomic	paeruginosa	111	PERFECT	100	acsA(17)	aroE(5)	guaA(5)	mutL(4)	nuoD(4)	ppsA(4)	trpE(3)
FILE	SCHEME	ST	STATUS	SCORE	ALLELES	-	-	-	-	-	-
GCA_027891115.1_ASM2789111v1_genomic	paeruginosa	773	PERFECT	100	acsA(5)	aroE(4)	guaA(5)	mutL(5)	nuoD(5)	ppsA(7)	trpE(8)
FILE	SCHEME	ST	STATUS	SCORE	ALLELES	-	-	-	-	-	-
GCA_029210305.1_ASM2921030v1_genomic	paeruginosa	3620	PERFECT	100	acsA(258)	aroE(8)	guaA(26)	mutL(119)	nuoD(3)	ppsA(4)	trpE(9)
FILE	SCHEME	ST	STATUS	SCORE	ALLELES	-	-	-	-	-	-
GCA_029223505.1_ASM2922350v1_genomic	paeruginosa	773	PERFECT	100	acsA(5)	aroE(4)	guaA(5)	mutL(5)	nuoD(5)	ppsA(7)	trpE(8)
FILE	SCHEME	ST	STATUS	SCORE	ALLELES	-	-	-	-	-	-
GCA_030406925.1_ASM3040692v1_genomic	paeruginosa	773	PERFECT	100	acsA(5)	aroE(4)	guaA(5)	mutL(5)	nuoD(5)	ppsA(7)	trpE(8)
FILE	SCHEME	ST	STATUS	SCORE	ALLELES	-	-	-	-	-	-
GCA_030540865.1_ASM3054086v1_genomic	paeruginosa	244	PERFECT	100	acsA(17)	aroE(5)	guaA(12)	mutL(3)	nuoD(14)	ppsA(4)	trpE(7)
FILE	SCHEME	ST	STATUS	SCORE	ALLELES	-	-	-	-	-	-
GCA_031629475.1_ASM3162947v1_genomic	paeruginosa	260	PERFECT	100	acsA(14)	aroE(5)	guaA(10)	mutL(7)	nuoD(4)	ppsA(13)	trpE(7)
FILE	SCHEME	ST	STATUS	SCORE	ALLELES	-	-	-	-	-	-
GCA_033743955.1_ASM3374395v1_genomic	paeruginosa	357	PERFECT	100	acsA(2)	aroE(4)	guaA(5)	mutL(3)	nuoD(1)	ppsA(6)	trpE(11)
FILE	SCHEME	ST	STATUS	SCORE	ALLELES	-	-	-	-	-	-
GCA_035198885.1_ASM3519888v1_genomic	paeruginosa	823	PERFECT	100	acsA(32)	aroE(13)	guaA(24)	mutL(13)	nuoD(1)	ppsA(6)	trpE(25)
FILE	SCHEME	ST	STATUS	SCORE	ALLELES	-	-	-	-	-	-
GCA_036529375.1_ASM3652937v1_genomic	paeruginosa	357	PERFECT	100	acsA(2)	aroE(4)	guaA(5)	mutL(3)	nuoD(1)	ppsA(6)	trpE(11)
FILE	SCHEME	ST	STATUS	SCORE	ALLELES	-	-	-	-	-	-
GCA_036529475.1_ASM3652947v1_genomic	paeruginosa	357	PERFECT	100	acsA(2)	aroE(4)	guaA(5)	mutL(3)	nuoD(1)	ppsA(6)	trpE(11)
FILE	SCHEME	ST	STATUS	SCORE	ALLELES	-	-	-	-	-	-
GCA_036529495.1_ASM3652949v1_genomic	paeruginosa	316	PERFECT	100	acsA(13)	aroE(8)	guaA(9)	mutL(3)	nuoD(1)	ppsA(6)	trpE(9)
FILE	SCHEME	ST	STATUS	SCORE	ALLELES	-	-	-	-	-	-
GCA_036529515.1_ASM3652951v1_genomic	paeruginosa	1047	PERFECT	100	acsA(18)	aroE(8)	guaA(5)	mutL(5)	nuoD(1)	ppsA(6)	trpE(4)
FILE	SCHEME	ST	STATUS	SCORE	ALLELES	-	-	-	-	-	-
GCA_036529535.1_ASM3652953v1_genomic	paeruginosa	-	MISSING	77	acsA(9)	aroE(-)	guaA(11)	mutL(3)	nuoD(4)	ppsA(40)	trpE(18)
FILE	SCHEME	ST	STATUS	SCORE	ALLELES	-	-	-	-	-	-
GCA_036529555.1_ASM3652955v1_genomic	paeruginosa	316	PERFECT	100	acsA(13)	aroE(8)	guaA(9)	mutL(3)	nuoD(1)	ppsA(6)	trpE(9)
FILE	SCHEME	ST	STATUS	SCORE	ALLELES	-	-	-	-	-	-
GCA_036529575.1_ASM3652957v1_genomic	paeruginosa	1047	PERFECT	100	acsA(18)	aroE(8)	guaA(5)	mutL(5)	nuoD(1)	ppsA(6)	trpE(4)
FILE	SCHEME	ST	STATUS	SCORE	ALLELES	-	-	-	-	-	-
GCA_036529595.1_ASM3652959v1_genomic	paeruginosa	1047	PERFECT	100	acsA(18)	aroE(8)	guaA(5)	mutL(5)	nuoD(1)	ppsA(6)	trpE(4)
FILE	SCHEME	ST	STATUS	SCORE	ALLELES	-	-	-	-	-	-
GCA_036529615.1_ASM3652961v1_genomic	paeruginosa	1047	PERFECT	100	acsA(18)	aroE(8)	guaA(5)	mutL(5)	nuoD(1)	ppsA(6)	trpE(4)
FILE	SCHEME	ST	STATUS	SCORE	ALLELES	-	-	-	-	-	-
GCA_036529635.1_ASM3652963v1_genomic	paeruginosa	357	PERFECT	100	acsA(2)	aroE(4)	guaA(5)	mutL(3)	nuoD(1)	ppsA(6)	trpE(11)
FILE	SCHEME	ST	STATUS	SCORE	ALLELES	-	-	-	-	-	-
GCA_036529935.1_ASM3652993v1_genomic	paeruginosa	1047	PERFECT	100	acsA(18)	aroE(8)	guaA(5)	mutL(5)	nuoD(1)	ppsA(6)	trpE(4)
FILE	SCHEME	ST	STATUS	SCORE	ALLELES	-	-	-	-	-	-
GCA_036529955.1_ASM3652995v1_genomic	paeruginosa	235	PERFECT	100	acsA(38)	aroE(11)	guaA(3)	mutL(13)	nuoD(1)	ppsA(2)	trpE(4)
FILE	SCHEME	ST	STATUS	SCORE	ALLELES	-	-	-	-	-	-
GCA_036529995.1_ASM3652999v1_genomic	paeruginosa	316	PERFECT	100	acsA(13)	aroE(8)	guaA(9)	mutL(3)	nuoD(1)	ppsA(6)	trpE(9)
FILE	SCHEME	ST	STATUS	SCORE	ALLELES	-	-	-	-	-	-
GCA_036530035.1_ASM3653003v1_genomic	paeruginosa	357	PERFECT	100	acsA(2)	aroE(4)	guaA(5)	mutL(3)	nuoD(1)	ppsA(6)	trpE(11)
FILE	SCHEME	ST	STATUS	SCORE	ALLELES	-	-	-	-	-	-
GCA_036530115.1_ASM3653011v1_genomic	paeruginosa	308	PERFECT	100	acsA(13)	aroE(4)	guaA(5)	mutL(5)	nuoD(12)	ppsA(7)	trpE(15)
FILE	SCHEME	ST	STATUS	SCORE	ALLELES	-	-	-	-	-	-
GCA_036530135.1_ASM3653013v1_genomic	paeruginosa	235	PERFECT	100	acsA(38)	aroE(11)	guaA(3)	mutL(13)	nuoD(1)	ppsA(2)	trpE(4)
FILE	SCHEME	ST	STATUS	SCORE	ALLELES	-	-	-	-	-	-
GCA_036530175.1_ASM3653017v1_genomic	paeruginosa	357	PERFECT	100	acsA(2)	aroE(4)	guaA(5)	mutL(3)	nuoD(1)	ppsA(6)	trpE(11)
FILE	SCHEME	ST	STATUS	SCORE	ALLELES	-	-	-	-	-	-
GCA_036530195.1_ASM3653019v1_genomic	paeruginosa	1047	PERFECT	100	acsA(18)	aroE(8)	guaA(5)	mutL(5)	nuoD(1)	ppsA(6)	trpE(4)
FILE	SCHEME	ST	STATUS	SCORE	ALLELES	-	-	-	-	-	-
GCA_036530255.1_ASM3653025v1_genomic	paeruginosa	1047	PERFECT	100	acsA(18)	aroE(8)	guaA(5)	mutL(5)	nuoD(1)	ppsA(6)	trpE(4)
FILE	SCHEME	ST	STATUS	SCORE	ALLELES	-	-	-	-	-	-
GCA_036530275.1_ASM3653027v1_genomic	paeruginosa	664	PERFECT	100	acsA(9)	aroE(5)	guaA(11)	mutL(3)	nuoD(4)	ppsA(40)	trpE(18)
FILE	SCHEME	ST	STATUS	SCORE	ALLELES	-	-	-	-	-	-
GCA_036530295.1_ASM3653029v1_genomic	paeruginosa	1047	PERFECT	100	acsA(18)	aroE(8)	guaA(5)	mutL(5)	nuoD(1)	ppsA(6)	trpE(4)
FILE	SCHEME	ST	STATUS	SCORE	ALLELES	-	-	-	-	-	-
GCA_036530315.1_ASM3653031v1_genomic	paeruginosa	357	PERFECT	100	acsA(2)	aroE(4)	guaA(5)	mutL(3)	nuoD(1)	ppsA(6)	trpE(11)
FILE	SCHEME	ST	STATUS	SCORE	ALLELES	-	-	-	-	-	-
GCA_036530335.1_ASM3653033v1_genomic	paeruginosa	316	PERFECT	100	acsA(13)	aroE(8)	guaA(9)	mutL(3)	nuoD(1)	ppsA(6)	trpE(9)
FILE	SCHEME	ST	STATUS	SCORE	ALLELES	-	-	-	-	-	-
GCA_036530355.1_ASM3653035v1_genomic	paeruginosa	316	PERFECT	100	acsA(13)	aroE(8)	guaA(9)	mutL(3)	nuoD(1)	ppsA(6)	trpE(9)
FILE	SCHEME	ST	STATUS	SCORE	ALLELES	-	-	-	-	-	-
GCA_036530855.1_ASM3653085v1_genomic	paeruginosa	254	PERFECT	100	acsA(6)	aroE(5)	guaA(58)	mutL(11)	nuoD(3)	ppsA(4)	trpE(37)
FILE	SCHEME	ST	STATUS	SCORE	ALLELES	-	-	-	-	-	-
GCA_036530915.1_ASM3653091v1_genomic	paeruginosa	234	PERFECT	100	acsA(1)	aroE(5)	guaA(11)	mutL(3)	nuoD(4)	ppsA(10)	trpE(3)
FILE	SCHEME	ST	STATUS	SCORE	ALLELES	-	-	-	-	-	-
GCA_036530955.1_ASM3653095v1_genomic	paeruginosa	1047	PERFECT	100	acsA(18)	aroE(8)	guaA(5)	mutL(5)	nuoD(1)	ppsA(6)	trpE(4)
FILE	SCHEME	ST	STATUS	SCORE	ALLELES	-	-	-	-	-	-
GCA_036530975.1_ASM3653097v1_genomic	paeruginosa	664	PERFECT	100	acsA(9)	aroE(5)	guaA(11)	mutL(3)	nuoD(4)	ppsA(40)	trpE(18)
FILE	SCHEME	ST	STATUS	SCORE	ALLELES	-	-	-	-	-	-
GCA_036530995.1_ASM3653099v1_genomic	paeruginosa	664	PERFECT	100	acsA(9)	aroE(5)	guaA(11)	mutL(3)	nuoD(4)	ppsA(40)	trpE(18)
FILE	SCHEME	ST	STATUS	SCORE	ALLELES	-	-	-	-	-	-
GCA_036531015.1_ASM3653101v1_genomic	paeruginosa	664	PERFECT	100	acsA(9)	aroE(5)	guaA(11)	mutL(3)	nuoD(4)	ppsA(40)	trpE(18)
FILE	SCHEME	ST	STATUS	SCORE	ALLELES	-	-	-	-	-	-
GCA_036531035.1_ASM3653103v1_genomic	paeruginosa	1047	PERFECT	100	acsA(18)	aroE(8)	guaA(5)	mutL(5)	nuoD(1)	ppsA(6)	trpE(4)
FILE	SCHEME	ST	STATUS	SCORE	ALLELES	-	-	-	-	-	-
GCA_036531055.1_ASM3653105v1_genomic	paeruginosa	664	PERFECT	100	acsA(9)	aroE(5)	guaA(11)	mutL(3)	nuoD(4)	ppsA(40)	trpE(18)
FILE	SCHEME	ST	STATUS	SCORE	ALLELES	-	-	-	-	-	-
GCA_036531075.1_ASM3653107v1_genomic	paeruginosa	-	MISSING	77	acsA(9)	aroE(-)	guaA(11)	mutL(3)	nuoD(4)	ppsA(40)	trpE(18)
FILE	SCHEME	ST	STATUS	SCORE	ALLELES	-	-	-	-	-	-
GCA_036531095.1_ASM3653109v1_genomic	paeruginosa	316	PERFECT	100	acsA(13)	aroE(8)	guaA(9)	mutL(3)	nuoD(1)	ppsA(6)	trpE(9)
FILE	SCHEME	ST	STATUS	SCORE	ALLELES	-	-	-	-	-	-
GCA_036531355.1_ASM3653135v1_genomic	paeruginosa	-	MISSING	77	acsA(18)	aroE(-)	guaA(5)	mutL(5)	nuoD(1)	ppsA(6)	trpE(4)
FILE	SCHEME	ST	STATUS	SCORE	ALLELES	-	-	-	-	-	-
GCA_036531375.1_ASM3653137v1_genomic	paeruginosa	1047	PERFECT	100	acsA(18)	aroE(8)	guaA(5)	mutL(5)	nuoD(1)	ppsA(6)	trpE(4)
FILE	SCHEME	ST	STATUS	SCORE	ALLELES	-	-	-	-	-	-
GCA_036531415.1_ASM3653141v1_genomic	paeruginosa	308	PERFECT	100	acsA(13)	aroE(4)	guaA(5)	mutL(5)	nuoD(12)	ppsA(7)	trpE(15)
FILE	SCHEME	ST	STATUS	SCORE	ALLELES	-	-	-	-	-	-
GCA_036531435.1_ASM3653143v1_genomic	paeruginosa	823	PERFECT	100	acsA(32)	aroE(13)	guaA(24)	mutL(13)	nuoD(1)	ppsA(6)	trpE(25)
FILE	SCHEME	ST	STATUS	SCORE	ALLELES	-	-	-	-	-	-
GCA_036543645.1_ASM3654364v1_genomic	paeruginosa	664	PERFECT	100	acsA(9)	aroE(5)	guaA(11)	mutL(3)	nuoD(4)	ppsA(40)	trpE(18)
FILE	SCHEME	ST	STATUS	SCORE	ALLELES	-	-	-	-	-	-
GCA_036553165.1_ASM3655316v1_genomic	paeruginosa	357	PERFECT	100	acsA(2)	aroE(4)	guaA(5)	mutL(3)	nuoD(1)	ppsA(6)	trpE(11)
FILE	SCHEME	ST	STATUS	SCORE	ALLELES	-	-	-	-	-	-
GCA_036866965.1_ASM3686696v1_genomic	paeruginosa	664	PERFECT	100	acsA(9)	aroE(5)	guaA(11)	mutL(3)	nuoD(4)	ppsA(40)	trpE(18)
FILE	SCHEME	ST	STATUS	SCORE	ALLELES	-	-	-	-	-	-
GCA_036866995.1_ASM3686699v1_genomic	paeruginosa	4936	PERFECT	100	acsA(38)	aroE(5)	guaA(3)	mutL(3)	nuoD(1)	ppsA(2)	trpE(4)
FILE	SCHEME	ST	STATUS	SCORE	ALLELES	-	-	-	-	-	-
GCA_036867075.1_ASM3686707v1_genomic	paeruginosa	4936	PERFECT	100	acsA(38)	aroE(5)	guaA(3)	mutL(3)	nuoD(1)	ppsA(2)	trpE(4)
FILE	SCHEME	ST	STATUS	SCORE	ALLELES	-	-	-	-	-	-
GCA_036867235.1_ASM3686723v1_genomic	paeruginosa	4936	PERFECT	100	acsA(38)	aroE(5)	guaA(3)	mutL(3)	nuoD(1)	ppsA(2)	trpE(4)
FILE	SCHEME	ST	STATUS	SCORE	ALLELES	-	-	-	-	-	-
GCA_036867475.1_ASM3686747v1_genomic	paeruginosa	4936	PERFECT	100	acsA(38)	aroE(5)	guaA(3)	mutL(3)	nuoD(1)	ppsA(2)	trpE(4)
FILE	SCHEME	ST	STATUS	SCORE	ALLELES	-	-	-	-	-	-
GCA_040186575.1_ASM4018657v1_genomic	paeruginosa	1971	PERFECT	100	acsA(32)	aroE(190)	guaA(3)	mutL(62)	nuoD(8)	ppsA(7)	trpE(26)
FILE	SCHEME	ST	STATUS	SCORE	ALLELES	-	-	-	-	-	-
GCA_040186585.1_ASM4018658v1_genomic	paeruginosa	773	PERFECT	100	acsA(5)	aroE(4)	guaA(5)	mutL(5)	nuoD(5)	ppsA(7)	trpE(8)
FILE	SCHEME	ST	STATUS	SCORE	ALLELES	-	-	-	-	-	-
GCA_040186595.1_ASM4018659v1_genomic	paeruginosa	244	PERFECT	100	acsA(17)	aroE(5)	guaA(12)	mutL(3)	nuoD(14)	ppsA(4)	trpE(7)
FILE	SCHEME	ST	STATUS	SCORE	ALLELES	-	-	-	-	-	-
GCA_040186605.1_ASM4018660v1_genomic	paeruginosa	244	PERFECT	100	acsA(17)	aroE(5)	guaA(12)	mutL(3)	nuoD(14)	ppsA(4)	trpE(7)
FILE	SCHEME	ST	STATUS	SCORE	ALLELES	-	-	-	-	-	-
GCA_040186615.1_ASM4018661v1_genomic	paeruginosa	244	PERFECT	100	acsA(17)	aroE(5)	guaA(12)	mutL(3)	nuoD(14)	ppsA(4)	trpE(7)
FILE	SCHEME	ST	STATUS	SCORE	ALLELES	-	-	-	-	-	-
GCA_040186675.1_ASM4018667v1_genomic	paeruginosa	244	PERFECT	100	acsA(17)	aroE(5)	guaA(12)	mutL(3)	nuoD(14)	ppsA(4)	trpE(7)
FILE	SCHEME	ST	STATUS	SCORE	ALLELES	-	-	-	-	-	-
GCA_040186685.1_ASM4018668v1_genomic	paeruginosa	908	PERFECT	100	acsA(39)	aroE(6)	guaA(4)	mutL(14)	nuoD(4)	ppsA(6)	trpE(2)
FILE	SCHEME	ST	STATUS	SCORE	ALLELES	-	-	-	-	-	-
GCA_040186695.1_ASM4018669v1_genomic	paeruginosa	1677	PERFECT	100	acsA(32)	aroE(8)	guaA(57)	mutL(3)	nuoD(1)	ppsA(15)	trpE(25)
FILE	SCHEME	ST	STATUS	SCORE	ALLELES	-	-	-	-	-	-
GCA_040186705.1_ASM4018670v1_genomic	paeruginosa	988	PERFECT	100	acsA(16)	aroE(5)	guaA(36)	mutL(3)	nuoD(4)	ppsA(7)	trpE(3)
FILE	SCHEME	ST	STATUS	SCORE	ALLELES	-	-	-	-	-	-
GCA_040186715.1_ASM4018671v1_genomic	paeruginosa	988	PERFECT	100	acsA(16)	aroE(5)	guaA(36)	mutL(3)	nuoD(4)	ppsA(7)	trpE(3)
FILE	SCHEME	ST	STATUS	SCORE	ALLELES	-	-	-	-	-	-
GCA_040186775.1_ASM4018677v1_genomic	paeruginosa	2620	PERFECT	100	acsA(18)	aroE(8)	guaA(24)	mutL(3)	nuoD(1)	ppsA(6)	trpE(26)
FILE	SCHEME	ST	STATUS	SCORE	ALLELES	-	-	-	-	-	-
GCA_040186785.1_ASM4018678v1_genomic	paeruginosa	988	PERFECT	100	acsA(16)	aroE(5)	guaA(36)	mutL(3)	nuoD(4)	ppsA(7)	trpE(3)
FILE	SCHEME	ST	STATUS	SCORE	ALLELES	-	-	-	-	-	-
GCA_040186795.1_ASM4018679v1_genomic	paeruginosa	357	PERFECT	100	acsA(2)	aroE(4)	guaA(5)	mutL(3)	nuoD(1)	ppsA(6)	trpE(11)
FILE	SCHEME	ST	STATUS	SCORE	ALLELES	-	-	-	-	-	-
GCA_040186805.1_ASM4018680v1_genomic	paeruginosa	244	PERFECT	100	acsA(17)	aroE(5)	guaA(12)	mutL(3)	nuoD(14)	ppsA(4)	trpE(7)
FILE	SCHEME	ST	STATUS	SCORE	ALLELES	-	-	-	-	-	-
GCA_040186815.1_ASM4018681v1_genomic	paeruginosa	381	PERFECT	100	acsA(11)	aroE(20)	guaA(1)	mutL(65)	nuoD(4)	ppsA(4)	trpE(10)
FILE	SCHEME	ST	STATUS	SCORE	ALLELES	-	-	-	-	-	-
GCA_040186875.1_ASM4018687v1_genomic	paeruginosa	5184	PERFECT	100	acsA(1)	aroE(131)	guaA(7)	mutL(6)	nuoD(1)	ppsA(17)	trpE(8)
FILE	SCHEME	ST	STATUS	SCORE	ALLELES	-	-	-	-	-	-
GCA_040186885.1_ASM4018688v1_genomic	paeruginosa	5183	PERFECT	100	acsA(89)	aroE(30)	guaA(26)	mutL(69)	nuoD(48)	ppsA(24)	trpE(187)
FILE	SCHEME	ST	STATUS	SCORE	ALLELES	-	-	-	-	-	-
GCA_040186915.1_ASM4018691v1_genomic	paeruginosa	155	PERFECT	100	acsA(28)	aroE(5)	guaA(36)	mutL(3)	nuoD(3)	ppsA(13)	trpE(7)
FILE	SCHEME	ST	STATUS	SCORE	ALLELES	-	-	-	-	-	-
GCA_040186925.1_ASM4018692v1_genomic	paeruginosa	532	PERFECT	100	acsA(5)	aroE(4)	guaA(5)	mutL(5)	nuoD(5)	ppsA(20)	trpE(4)
FILE	SCHEME	ST	STATUS	SCORE	ALLELES	-	-	-	-	-	-
GCA_040186935.1_ASM4018693v1_genomic	paeruginosa	2556	PERFECT	100	acsA(16)	aroE(3)	guaA(11)	mutL(5)	nuoD(4)	ppsA(7)	trpE(10)
FILE	SCHEME	ST	STATUS	SCORE	ALLELES	-	-	-	-	-	-
GCA_040186975.1_ASM4018697v1_genomic	paeruginosa	664	PERFECT	100	acsA(9)	aroE(5)	guaA(11)	mutL(3)	nuoD(4)	ppsA(40)	trpE(18)
FILE	SCHEME	ST	STATUS	SCORE	ALLELES	-	-	-	-	-	-
GCA_040186985.1_ASM4018698v1_genomic	paeruginosa	357	PERFECT	100	acsA(2)	aroE(4)	guaA(5)	mutL(3)	nuoD(1)	ppsA(6)	trpE(11)
FILE	SCHEME	ST	STATUS	SCORE	ALLELES	-	-	-	-	-	-
GCA_040186995.1_ASM4018699v1_genomic	paeruginosa	308	PERFECT	100	acsA(13)	aroE(4)	guaA(5)	mutL(5)	nuoD(12)	ppsA(7)	trpE(15)
FILE	SCHEME	ST	STATUS	SCORE	ALLELES	-	-	-	-	-	-
GCA_040187015.1_ASM4018701v1_genomic	paeruginosa	357	PERFECT	100	acsA(2)	aroE(4)	guaA(5)	mutL(3)	nuoD(1)	ppsA(6)	trpE(11)
FILE	SCHEME	ST	STATUS	SCORE	ALLELES	-	-	-	-	-	-
GCA_040187045.1_ASM4018704v1_genomic	paeruginosa	1203	PERFECT	100	acsA(33)	aroE(1)	guaA(25)	mutL(6)	nuoD(6)	ppsA(7)	trpE(5)
FILE	SCHEME	ST	STATUS	SCORE	ALLELES	-	-	-	-	-	-
GCA_040187055.1_ASM4018705v1_genomic	paeruginosa	1203	PERFECT	100	acsA(33)	aroE(1)	guaA(25)	mutL(6)	nuoD(6)	ppsA(7)	trpE(5)
FILE	SCHEME	ST	STATUS	SCORE	ALLELES	-	-	-	-	-	-
GCA_040187095.1_ASM4018709v1_genomic	paeruginosa	5182	PERFECT	100	acsA(111)	aroE(30)	guaA(127)	mutL(26)	nuoD(126)	ppsA(24)	trpE(156)
FILE	SCHEME	ST	STATUS	SCORE	ALLELES	-	-	-	-	-	-
GCA_040187105.1_ASM4018710v1_genomic	paeruginosa	639	PERFECT	100	acsA(11)	aroE(19)	guaA(19)	mutL(3)	nuoD(4)	ppsA(4)	trpE(7)
FILE	SCHEME	ST	STATUS	SCORE	ALLELES	-	-	-	-	-	-
GCA_040187115.1_ASM4018711v1_genomic	paeruginosa	639	PERFECT	100	acsA(11)	aroE(19)	guaA(19)	mutL(3)	nuoD(4)	ppsA(4)	trpE(7)
FILE	SCHEME	ST	STATUS	SCORE	ALLELES	-	-	-	-	-	-
GCA_040187125.1_ASM4018712v1_genomic	paeruginosa	1203	PERFECT	100	acsA(33)	aroE(1)	guaA(25)	mutL(6)	nuoD(6)	ppsA(7)	trpE(5)
FILE	SCHEME	ST	STATUS	SCORE	ALLELES	-	-	-	-	-	-
GCA_040187135.1_ASM4018713v1_genomic	paeruginosa	664	PERFECT	100	acsA(9)	aroE(5)	guaA(11)	mutL(3)	nuoD(4)	ppsA(40)	trpE(18)
FILE	SCHEME	ST	STATUS	SCORE	ALLELES	-	-	-	-	-	-
GCA_040187185.1_ASM4018718v1_genomic	paeruginosa	970	PERFECT	100	acsA(6)	aroE(5)	guaA(11)	mutL(3)	nuoD(4)	ppsA(3)	trpE(3)
FILE	SCHEME	ST	STATUS	SCORE	ALLELES	-	-	-	-	-	-
GCA_040187195.1_ASM4018719v1_genomic	paeruginosa	1203	PERFECT	100	acsA(33)	aroE(1)	guaA(25)	mutL(6)	nuoD(6)	ppsA(7)	trpE(5)
FILE	SCHEME	ST	STATUS	SCORE	ALLELES	-	-	-	-	-	-
GCA_040187225.1_ASM4018722v1_genomic	paeruginosa	664	PERFECT	100	acsA(9)	aroE(5)	guaA(11)	mutL(3)	nuoD(4)	ppsA(40)	trpE(18)
FILE	SCHEME	ST	STATUS	SCORE	ALLELES	-	-	-	-	-	-
GCA_040187235.1_ASM4018723v1_genomic	paeruginosa	244	PERFECT	100	acsA(17)	aroE(5)	guaA(12)	mutL(3)	nuoD(14)	ppsA(4)	trpE(7)
FILE	SCHEME	ST	STATUS	SCORE	ALLELES	-	-	-	-	-	-
GCA_040187265.1_ASM4018726v1_genomic	paeruginosa	244	PERFECT	100	acsA(17)	aroE(5)	guaA(12)	mutL(3)	nuoD(14)	ppsA(4)	trpE(7)
FILE	SCHEME	ST	STATUS	SCORE	ALLELES	-	-	-	-	-	-
GCA_040187275.1_ASM4018727v1_genomic	paeruginosa	639	PERFECT	100	acsA(11)	aroE(19)	guaA(19)	mutL(3)	nuoD(4)	ppsA(4)	trpE(7)
FILE	SCHEME	ST	STATUS	SCORE	ALLELES	-	-	-	-	-	-
GCA_040187315.1_ASM4018731v1_genomic	paeruginosa	1116	PERFECT	100	acsA(5)	aroE(51)	guaA(11)	mutL(6)	nuoD(1)	ppsA(101)	trpE(139)
FILE	SCHEME	ST	STATUS	SCORE	ALLELES	-	-	-	-	-	-
GCA_040187325.1_ASM4018732v1_genomic	paeruginosa	3986	PERFECT	100	acsA(67)	aroE(349)	guaA(65)	mutL(31)	nuoD(1)	ppsA(6)	trpE(26)
FILE	SCHEME	ST	STATUS	SCORE	ALLELES	-	-	-	-	-	-
GCA_040187355.1_ASM4018735v1_genomic	paeruginosa	5187	PERFECT	100	acsA(15)	aroE(48)	guaA(20)	mutL(142)	nuoD(4)	ppsA(289)	trpE(7)
FILE	SCHEME	ST	STATUS	SCORE	ALLELES	-	-	-	-	-	-
GCA_040187375.1_ASM4018737v1_genomic	paeruginosa	357	PERFECT	100	acsA(2)	aroE(4)	guaA(5)	mutL(3)	nuoD(1)	ppsA(6)	trpE(11)
FILE	SCHEME	ST	STATUS	SCORE	ALLELES	-	-	-	-	-	-
GCA_040187385.1_ASM4018738v1_genomic	paeruginosa	2629	PERFECT	100	acsA(28)	aroE(20)	guaA(94)	mutL(3)	nuoD(1)	ppsA(4)	trpE(10)
FILE	SCHEME	ST	STATUS	SCORE	ALLELES	-	-	-	-	-	-
GCA_040187395.1_ASM4018739v1_genomic	paeruginosa	664	PERFECT	100	acsA(9)	aroE(5)	guaA(11)	mutL(3)	nuoD(4)	ppsA(40)	trpE(18)
FILE	SCHEME	ST	STATUS	SCORE	ALLELES	-	-	-	-	-	-
GCA_040187415.1_ASM4018741v1_genomic	paeruginosa	1203	PERFECT	100	acsA(33)	aroE(1)	guaA(25)	mutL(6)	nuoD(6)	ppsA(7)	trpE(5)
FILE	SCHEME	ST	STATUS	SCORE	ALLELES	-	-	-	-	-	-
GCA_040187425.1_ASM4018742v1_genomic	paeruginosa	1455	PERFECT	100	acsA(15)	aroE(5)	guaA(11)	mutL(3)	nuoD(58)	ppsA(42)	trpE(9)
FILE	SCHEME	ST	STATUS	SCORE	ALLELES	-	-	-	-	-	-
GCA_040187475.1_ASM4018747v1_genomic	paeruginosa	1455	PERFECT	100	acsA(15)	aroE(5)	guaA(11)	mutL(3)	nuoD(58)	ppsA(42)	trpE(9)
FILE	SCHEME	ST	STATUS	SCORE	ALLELES	-	-	-	-	-	-
GCA_040187495.1_ASM4018749v1_genomic	paeruginosa	1455	PERFECT	100	acsA(15)	aroE(5)	guaA(11)	mutL(3)	nuoD(58)	ppsA(42)	trpE(9)
FILE	SCHEME	ST	STATUS	SCORE	ALLELES	-	-	-	-	-	-
GCA_040187505.1_ASM4018750v1_genomic	paeruginosa	357	PERFECT	100	acsA(2)	aroE(4)	guaA(5)	mutL(3)	nuoD(1)	ppsA(6)	trpE(11)
FILE	SCHEME	ST	STATUS	SCORE	ALLELES	-	-	-	-	-	-
GCA_040187515.1_ASM4018751v1_genomic	paeruginosa	508	PERFECT	100	acsA(15)	aroE(5)	guaA(11)	mutL(3)	nuoD(2)	ppsA(4)	trpE(3)
FILE	SCHEME	ST	STATUS	SCORE	ALLELES	-	-	-	-	-	-
GCA_040187535.1_ASM4018753v1_genomic	paeruginosa	357	PERFECT	100	acsA(2)	aroE(4)	guaA(5)	mutL(3)	nuoD(1)	ppsA(6)	trpE(11)
FILE	SCHEME	ST	STATUS	SCORE	ALLELES	-	-	-	-	-	-
GCA_040187555.1_ASM4018755v1_genomic	paeruginosa	1203	PERFECT	100	acsA(33)	aroE(1)	guaA(25)	mutL(6)	nuoD(6)	ppsA(7)	trpE(5)
FILE	SCHEME	ST	STATUS	SCORE	ALLELES	-	-	-	-	-	-
GCA_040187595.1_ASM4018759v1_genomic	paeruginosa	308	PERFECT	100	acsA(13)	aroE(4)	guaA(5)	mutL(5)	nuoD(12)	ppsA(7)	trpE(15)
FILE	SCHEME	ST	STATUS	SCORE	ALLELES	-	-	-	-	-	-
GCA_040187605.1_ASM4018760v1_genomic	paeruginosa	796	PERFECT	100	acsA(36)	aroE(5)	guaA(1)	mutL(3)	nuoD(2)	ppsA(6)	trpE(1)
FILE	SCHEME	ST	STATUS	SCORE	ALLELES	-	-	-	-	-	-
GCA_040187635.1_ASM4018763v1_genomic	paeruginosa	235	PERFECT	100	acsA(38)	aroE(11)	guaA(3)	mutL(13)	nuoD(1)	ppsA(2)	trpE(4)
FILE	SCHEME	ST	STATUS	SCORE	ALLELES	-	-	-	-	-	-
GCA_040187645.1_ASM4018764v1_genomic	paeruginosa	357	PERFECT	100	acsA(2)	aroE(4)	guaA(5)	mutL(3)	nuoD(1)	ppsA(6)	trpE(11)
FILE	SCHEME	ST	STATUS	SCORE	ALLELES	-	-	-	-	-	-
GCA_040187655.1_ASM4018765v1_genomic	paeruginosa	654	PERFECT	100	acsA(17)	aroE(5)	guaA(26)	mutL(3)	nuoD(4)	ppsA(4)	trpE(26)
FILE	SCHEME	ST	STATUS	SCORE	ALLELES	-	-	-	-	-	-
GCA_040187685.1_ASM4018768v1_genomic	paeruginosa	235	PERFECT	100	acsA(38)	aroE(11)	guaA(3)	mutL(13)	nuoD(1)	ppsA(2)	trpE(4)
FILE	SCHEME	ST	STATUS	SCORE	ALLELES	-	-	-	-	-	-
GCA_040187695.1_ASM4018769v1_genomic	paeruginosa	308	PERFECT	100	acsA(13)	aroE(4)	guaA(5)	mutL(5)	nuoD(12)	ppsA(7)	trpE(15)
FILE	SCHEME	ST	STATUS	SCORE	ALLELES	-	-	-	-	-	-
GCA_040187725.1_ASM4018772v1_genomic	paeruginosa	244	PERFECT	100	acsA(17)	aroE(5)	guaA(12)	mutL(3)	nuoD(14)	ppsA(4)	trpE(7)
FILE	SCHEME	ST	STATUS	SCORE	ALLELES	-	-	-	-	-	-
GCA_041204985.1_ASM4120498v1_genomic	paeruginosa	235	PERFECT	100	acsA(38)	aroE(11)	guaA(3)	mutL(13)	nuoD(1)	ppsA(2)	trpE(4)
FILE	SCHEME	ST	STATUS	SCORE	ALLELES	-	-	-	-	-	-
GCA_041205025.1_ASM4120502v1_genomic	paeruginosa	235	PERFECT	100	acsA(38)	aroE(11)	guaA(3)	mutL(13)	nuoD(1)	ppsA(2)	trpE(4)
FILE	SCHEME	ST	STATUS	SCORE	ALLELES	-	-	-	-	-	-
GCA_041205065.1_ASM4120506v1_genomic	paeruginosa	235	PERFECT	100	acsA(38)	aroE(11)	guaA(3)	mutL(13)	nuoD(1)	ppsA(2)	trpE(4)
FILE	SCHEME	ST	STATUS	SCORE	ALLELES	-	-	-	-	-	-
GCA_041205105.1_ASM4120510v1_genomic	paeruginosa	235	PERFECT	100	acsA(38)	aroE(11)	guaA(3)	mutL(13)	nuoD(1)	ppsA(2)	trpE(4)
FILE	SCHEME	ST	STATUS	SCORE	ALLELES	-	-	-	-	-	-
GCA_041205125.1_ASM4120512v1_genomic	paeruginosa	235	PERFECT	100	acsA(38)	aroE(11)	guaA(3)	mutL(13)	nuoD(1)	ppsA(2)	trpE(4)
FILE	SCHEME	ST	STATUS	SCORE	ALLELES	-	-	-	-	-	-
GCA_041205145.1_ASM4120514v1_genomic	paeruginosa	235	PERFECT	100	acsA(38)	aroE(11)	guaA(3)	mutL(13)	nuoD(1)	ppsA(2)	trpE(4)
FILE	SCHEME	ST	STATUS	SCORE	ALLELES	-	-	-	-	-	-
GCA_041205165.1_ASM4120516v1_genomic	paeruginosa	235	PERFECT	100	acsA(38)	aroE(11)	guaA(3)	mutL(13)	nuoD(1)	ppsA(2)	trpE(4)
FILE	SCHEME	ST	STATUS	SCORE	ALLELES	-	-	-	-	-	-
GCA_041205225.1_ASM4120522v1_genomic	paeruginosa	235	PERFECT	100	acsA(38)	aroE(11)	guaA(3)	mutL(13)	nuoD(1)	ppsA(2)	trpE(4)
FILE	SCHEME	ST	STATUS	SCORE	ALLELES	-	-	-	-	-	-
GCA_041357715.1_ASM4135771v1_genomic	paeruginosa	27	PERFECT	100	acsA(6)	aroE(5)	guaA(6)	mutL(7)	nuoD(4)	ppsA(6)	trpE(7)
FILE	SCHEME	ST	STATUS	SCORE	ALLELES	-	-	-	-	-	-
GCA_041357735.1_ASM4135773v1_genomic	paeruginosa	357	PERFECT	100	acsA(2)	aroE(4)	guaA(5)	mutL(3)	nuoD(1)	ppsA(6)	trpE(11)
FILE	SCHEME	ST	STATUS	SCORE	ALLELES	-	-	-	-	-	-
GCA_041357775.1_ASM4135777v1_genomic	paeruginosa	357	PERFECT	100	acsA(2)	aroE(4)	guaA(5)	mutL(3)	nuoD(1)	ppsA(6)	trpE(11)
FILE	SCHEME	ST	STATUS	SCORE	ALLELES	-	-	-	-	-	-
GCA_041501545.1_16ShHly_IVRI_genomic	paeruginosa	1621	PERFECT	100	acsA(5)	aroE(54)	guaA(99)	mutL(48)	nuoD(1)	ppsA(6)	trpE(3)
FILE	SCHEME	ST	STATUS	SCORE	ALLELES	-	-	-	-	-	-
GCA_042788255.1_ASM4278825v1_genomic	paeruginosa	2238	PERFECT	100	acsA(6)	aroE(10)	guaA(1)	mutL(3)	nuoD(27)	ppsA(4)	trpE(7)
FILE	SCHEME	ST	STATUS	SCORE	ALLELES	-	-	-	-	-	-
GCA_042788285.1_ASM4278828v1_genomic	paeruginosa	645	PERFECT	100	acsA(6)	aroE(5)	guaA(5)	mutL(3)	nuoD(3)	ppsA(13)	trpE(1)
FILE	SCHEME	ST	STATUS	SCORE	ALLELES	-	-	-	-	-	-
GCA_042788315.1_ASM4278831v1_genomic	paeruginosa	773	PERFECT	100	acsA(5)	aroE(4)	guaA(5)	mutL(5)	nuoD(5)	ppsA(7)	trpE(8)
FILE	SCHEME	ST	STATUS	SCORE	ALLELES	-	-	-	-	-	-
GCA_051448025.1_ASM5144802v1_genomic	paeruginosa	2420	PERFECT	100	acsA(111)	aroE(30)	guaA(64)	mutL(26)	nuoD(30)	ppsA(24)	trpE(32)
FILE	SCHEME	ST	STATUS	SCORE	ALLELES	-	-	-	-	-	-
GCA_051448085.1_ASM5144808v1_genomic	paeruginosa	234	PERFECT	100	acsA(1)	aroE(5)	guaA(11)	mutL(3)	nuoD(4)	ppsA(10)	trpE(3)
FILE	SCHEME	ST	STATUS	SCORE	ALLELES	-	-	-	-	-	-
GCA_051448265.1_ASM5144826v1_genomic	paeruginosa	664	PERFECT	100	acsA(9)	aroE(5)	guaA(11)	mutL(3)	nuoD(4)	ppsA(40)	trpE(18)
FILE	SCHEME	ST	STATUS	SCORE	ALLELES	-	-	-	-	-	-
GCA_051448335.1_ASM5144833v1_genomic	paeruginosa	274	PERFECT	100	acsA(23)	aroE(5)	guaA(11)	mutL(7)	nuoD(1)	ppsA(12)	trpE(7)
FILE	SCHEME	ST	STATUS	SCORE	ALLELES	-	-	-	-	-	-
GCA_051448465.1_ASM5144846v1_genomic	paeruginosa	664	PERFECT	100	acsA(9)	aroE(5)	guaA(11)	mutL(3)	nuoD(4)	ppsA(40)	trpE(18)
FILE	SCHEME	ST	STATUS	SCORE	ALLELES	-	-	-	-	-	-
GCA_051448505.1_ASM5144850v1_genomic	paeruginosa	360	PERFECT	100	acsA(15)	aroE(5)	guaA(36)	mutL(11)	nuoD(27)	ppsA(4)	trpE(2)
FILE	SCHEME	ST	STATUS	SCORE	ALLELES	-	-	-	-	-	-
GCA_051448515.1_ASM5144851v1_genomic	paeruginosa	4596	PERFECT	100	acsA(196)	aroE(17)	guaA(1)	mutL(11)	nuoD(7)	ppsA(15)	trpE(5)
FILE	SCHEME	ST	STATUS	SCORE	ALLELES	-	-	-	-	-	-
GCA_051448565.1_ASM5144856v1_genomic	paeruginosa	664	PERFECT	100	acsA(9)	aroE(5)	guaA(11)	mutL(3)	nuoD(4)	ppsA(40)	trpE(18)
FILE	SCHEME	ST	STATUS	SCORE	ALLELES	-	-	-	-	-	-
GCA_051450105.1_ASM5145010v1_genomic	paeruginosa	381	PERFECT	100	acsA(11)	aroE(20)	guaA(1)	mutL(65)	nuoD(4)	ppsA(4)	trpE(10)
FILE	SCHEME	ST	STATUS	SCORE	ALLELES	-	-	-	-	-	-
GCA_051450225.1_ASM5145022v1_genomic	paeruginosa	357	PERFECT	100	acsA(2)	aroE(4)	guaA(5)	mutL(3)	nuoD(1)	ppsA(6)	trpE(11)
FILE	SCHEME	ST	STATUS	SCORE	ALLELES	-	-	-	-	-	-
GCA_051451125.1_ASM5145112v1_genomic	paeruginosa	3755	PERFECT	100	acsA(16)	aroE(5)	guaA(6)	mutL(11)	nuoD(4)	ppsA(6)	trpE(7)
FILE	SCHEME	ST	STATUS	SCORE	ALLELES	-	-	-	-	-	-
GCA_051451285.1_ASM5145128v1_genomic	paeruginosa	3755	PERFECT	100	acsA(16)	aroE(5)	guaA(6)	mutL(11)	nuoD(4)	ppsA(6)	trpE(7)
FILE	SCHEME	ST	STATUS	SCORE	ALLELES	-	-	-	-	-	-
GCA_051451425.1_ASM5145142v1_genomic	paeruginosa	3755	PERFECT	100	acsA(16)	aroE(5)	guaA(6)	mutL(11)	nuoD(4)	ppsA(6)	trpE(7)
FILE	SCHEME	ST	STATUS	SCORE	ALLELES	-	-	-	-	-	-
GCA_051451465.1_ASM5145146v1_genomic	paeruginosa	569	PERFECT	100	acsA(11)	aroE(5)	guaA(11)	mutL(11)	nuoD(3)	ppsA(6)	trpE(27)
FILE	SCHEME	ST	STATUS	SCORE	ALLELES	-	-	-	-	-	-
GCA_051451525.1_ASM5145152v1_genomic	paeruginosa	3755	PERFECT	100	acsA(16)	aroE(5)	guaA(6)	mutL(11)	nuoD(4)	ppsA(6)	trpE(7)
FILE	SCHEME	ST	STATUS	SCORE	ALLELES	-	-	-	-	-	-
GCA_051451605.1_ASM5145160v1_genomic	paeruginosa	3755	PERFECT	100	acsA(16)	aroE(5)	guaA(6)	mutL(11)	nuoD(4)	ppsA(6)	trpE(7)
FILE	SCHEME	ST	STATUS	SCORE	ALLELES	-	-	-	-	-	-
GCA_051451645.1_ASM5145164v1_genomic	paeruginosa	1026	PERFECT	100	acsA(40)	aroE(22)	guaA(12)	mutL(11)	nuoD(4)	ppsA(15)	trpE(10)
FILE	SCHEME	ST	STATUS	SCORE	ALLELES	-	-	-	-	-	-
GCA_051451865.1_ASM5145186v1_genomic	paeruginosa	3755	PERFECT	100	acsA(16)	aroE(5)	guaA(6)	mutL(11)	nuoD(4)	ppsA(6)	trpE(7)
FILE	SCHEME	ST	STATUS	SCORE	ALLELES	-	-	-	-	-	-
GCA_051451905.1_ASM5145190v1_genomic	paeruginosa	3755	PERFECT	100	acsA(16)	aroE(5)	guaA(6)	mutL(11)	nuoD(4)	ppsA(6)	trpE(7)
FILE	SCHEME	ST	STATUS	SCORE	ALLELES	-	-	-	-	-	-
GCA_051451925.1_ASM5145192v1_genomic	paeruginosa	882	PERFECT	100	acsA(17)	aroE(5)	guaA(11)	mutL(3)	nuoD(4)	ppsA(6)	trpE(37)
FILE	SCHEME	ST	STATUS	SCORE	ALLELES	-	-	-	-	-	-
GCA_051451945.1_ASM5145194v1_genomic	paeruginosa	1116	PERFECT	100	acsA(5)	aroE(51)	guaA(11)	mutL(6)	nuoD(1)	ppsA(101)	trpE(139)
FILE	SCHEME	ST	STATUS	SCORE	ALLELES	-	-	-	-	-	-
GCA_051452025.1_ASM5145202v1_genomic	paeruginosa	-	NOVEL	90	acsA(5)	aroE(152)	guaA(12)	mutL(318)	nuoD(1)	ppsA(16)	trpE(10)
FILE	SCHEME	ST	STATUS	SCORE	ALLELES	-	-	-	-	-	-
GCA_051452085.1_ASM5145208v1_genomic	paeruginosa	815	PERFECT	100	acsA(103)	aroE(11)	guaA(61)	mutL(5)	nuoD(1)	ppsA(6)	trpE(8)
FILE	SCHEME	ST	STATUS	SCORE	ALLELES	-	-	-	-	-	-
GCA_051452125.1_ASM5145212v1_genomic	paeruginosa	5329	PERFECT	100	acsA(27)	aroE(472)	guaA(25)	mutL(3)	nuoD(1)	ppsA(16)	trpE(46)
FILE	SCHEME	ST	STATUS	SCORE	ALLELES	-	-	-	-	-	-
GCA_051452145.1_ASM5145214v1_genomic	paeruginosa	1239	PERFECT	100	acsA(16)	aroE(5)	guaA(1)	mutL(3)	nuoD(4)	ppsA(15)	trpE(7)
FILE	SCHEME	ST	STATUS	SCORE	ALLELES	-	-	-	-	-	-
GCA_051452165.1_ASM5145216v1_genomic	paeruginosa	-	OK	83	acsA(13)	aroE(4)	guaA(5)	mutL(434?)	nuoD(12)	ppsA(7)	trpE(15)
FILE	SCHEME	ST	STATUS	SCORE	ALLELES	-	-	-	-	-	-
GCA_051452185.1_ASM5145218v1_genomic	paeruginosa	1203	PERFECT	100	acsA(33)	aroE(1)	guaA(25)	mutL(6)	nuoD(6)	ppsA(7)	trpE(5)
FILE	SCHEME	ST	STATUS	SCORE	ALLELES	-	-	-	-	-	-
GCA_051452285.1_ASM5145228v1_genomic	paeruginosa	260	PERFECT	100	acsA(14)	aroE(5)	guaA(10)	mutL(7)	nuoD(4)	ppsA(13)	trpE(7)
FILE	SCHEME	ST	STATUS	SCORE	ALLELES	-	-	-	-	-	-
GCA_051452365.1_ASM5145236v1_genomic	paeruginosa	299	PERFECT	100	acsA(17)	aroE(5)	guaA(36)	mutL(3)	nuoD(3)	ppsA(7)	trpE(3)
FILE	SCHEME	ST	STATUS	SCORE	ALLELES	-	-	-	-	-	-
GCA_051452425.1_ASM5145242v1_genomic	paeruginosa	564	PERFECT	100	acsA(6)	aroE(10)	guaA(5)	mutL(11)	nuoD(2)	ppsA(15)	trpE(2)
FILE	SCHEME	ST	STATUS	SCORE	ALLELES	-	-	-	-	-	-
GCA_051452525.1_ASM5145252v1_genomic	paeruginosa	238	PERFECT	100	acsA(5)	aroE(1)	guaA(59)	mutL(6)	nuoD(1)	ppsA(33)	trpE(42)
FILE	SCHEME	ST	STATUS	SCORE	ALLELES	-	-	-	-	-	-
GCA_051452705.1_ASM5145270v1_genomic	paeruginosa	2620	PERFECT	100	acsA(18)	aroE(8)	guaA(24)	mutL(3)	nuoD(1)	ppsA(6)	trpE(26)
FILE	SCHEME	ST	STATUS	SCORE	ALLELES	-	-	-	-	-	-
GCA_051452745.1_ASM5145274v1_genomic	paeruginosa	564	PERFECT	100	acsA(6)	aroE(10)	guaA(5)	mutL(11)	nuoD(2)	ppsA(15)	trpE(2)
FILE	SCHEME	ST	STATUS	SCORE	ALLELES	-	-	-	-	-	-
GCA_051452825.1_ASM5145282v1_genomic	paeruginosa	598	PERFECT	100	acsA(11)	aroE(5)	guaA(36)	mutL(3)	nuoD(1)	ppsA(29)	trpE(2)
FILE	SCHEME	ST	STATUS	SCORE	ALLELES	-	-	-	-	-	-
GCA_051452885.1_ASM5145288v1_genomic	paeruginosa	663	PERFECT	100	acsA(6)	aroE(5)	guaA(11)	mutL(29)	nuoD(3)	ppsA(15)	trpE(1)
FILE	SCHEME	ST	STATUS	SCORE	ALLELES	-	-	-	-	-	-
GCA_051452905.1_ASM5145290v1_genomic	paeruginosa	381	PERFECT	100	acsA(11)	aroE(20)	guaA(1)	mutL(65)	nuoD(4)	ppsA(4)	trpE(10)
FILE	SCHEME	ST	STATUS	SCORE	ALLELES	-	-	-	-	-	-
GCA_051453225.1_ASM5145322v1_genomic	paeruginosa	308	PERFECT	100	acsA(13)	aroE(4)	guaA(5)	mutL(5)	nuoD(12)	ppsA(7)	trpE(15)
FILE	SCHEME	ST	STATUS	SCORE	ALLELES	-	-	-	-	-	-
GCA_051453325.1_ASM5145332v1_genomic	paeruginosa	253	PERFECT	100	acsA(4)	aroE(4)	guaA(16)	mutL(12)	nuoD(1)	ppsA(6)	trpE(3)
FILE	SCHEME	ST	STATUS	SCORE	ALLELES	-	-	-	-	-	-
GCA_051453405.1_ASM5145340v1_genomic	paeruginosa	-	OK	83	acsA(13)	aroE(4)	guaA(5)	mutL(430)	nuoD(215?)	ppsA(7)	trpE(15)
FILE	SCHEME	ST	STATUS	SCORE	ALLELES	-	-	-	-	-	-
GCA_051751905.1_ASM5175190v1_genomic	paeruginosa	792	PERFECT	100	acsA(6)	aroE(5)	guaA(11)	mutL(3)	nuoD(2)	ppsA(15)	trpE(1)
